question,platform,date,domain_appeared,domain_cited,cited_url,citation_context,citation_order,competing_domains,accurate_representation,content_gap,evidence,limitations
What is a good free Python course for beginners?,NOT AVAILABLE — DATA ACCESS REQUIRED,2026-08-10,,,,,,,,,NOT AVAILABLE — DATA ACCESS REQUIRED,NOT AVAILABLE — DATA ACCESS REQUIRED
How do I install Python and choose an IDE?,NOT AVAILABLE — DATA ACCESS REQUIRED,2026-08-10,,,,,,,,,NOT AVAILABLE — DATA ACCESS REQUIRED,NOT AVAILABLE — DATA ACCESS REQUIRED
How do Python decorators and context managers work?,NOT AVAILABLE — DATA ACCESS REQUIRED,2026-08-10,,,,,,,,,NOT AVAILABLE — DATA ACCESS REQUIRED,NOT AVAILABLE — DATA ACCESS REQUIRED
"When should I use threading, multiprocessing, or asyncio in Python?",NOT AVAILABLE — DATA ACCESS REQUIRED,2026-08-10,,,,,,,,,NOT AVAILABLE — DATA ACCESS REQUIRED,NOT AVAILABLE — DATA ACCESS REQUIRED
How do I build a REST API with Flask or FastAPI?,NOT AVAILABLE — DATA ACCESS REQUIRED,2026-08-10,,,,,,,,,NOT AVAILABLE — DATA ACCESS REQUIRED,NOT AVAILABLE — DATA ACCESS REQUIRED
How do I package and publish a Python project to PyPI?,NOT AVAILABLE — DATA ACCESS REQUIRED,2026-08-10,,,,,,,,,NOT AVAILABLE — DATA ACCESS REQUIRED,NOT AVAILABLE — DATA ACCESS REQUIRED
What are the best alternatives to this Python course?,NOT AVAILABLE — DATA ACCESS REQUIRED,2026-08-10,,,,,,,,,NOT AVAILABLE — DATA ACCESS REQUIRED,NOT AVAILABLE — DATA ACCESS REQUIRED
How do I troubleshoot Python virtual environment problems?,NOT AVAILABLE — DATA ACCESS REQUIRED,2026-08-10,,,,,,,,,NOT AVAILABLE — DATA ACCESS REQUIRED,NOT AVAILABLE — DATA ACCESS REQUIRED
Who created the Python Course at python.robertdevore.com?,NOT AVAILABLE — DATA ACCESS REQUIRED,2026-08-10,,,,,,,,,NOT AVAILABLE — DATA ACCESS REQUIRED,NOT AVAILABLE — DATA ACCESS REQUIRED
What topics does the Robert DeVore Python course cover?,NOT AVAILABLE — DATA ACCESS REQUIRED,2026-08-10,,,,,,,,,NOT AVAILABLE — DATA ACCESS REQUIRED,NOT AVAILABLE — DATA ACCESS REQUIRED
