phase,url,primary_topic,primary_entity,search_intent,primary_query_theme,secondary_queries,related_entities,relevant_questions,competing_internal_url,content_gap,recommended_action
after,https://python.robertdevore.com/about/,about the Python Course,Python Course and Robert DeVore,navigational and trust,about the Python Course,author; curriculum; Kujo SSG; SiteKit; architecture,author; curriculum; Kujo SSG; SiteKit; architecture,who created the Python course; how is the site built,,No editorial policy or correction process is published,Consider a concise corrections and update policy
after,https://python.robertdevore.com/course/advanced-data-structures-and-algorithms/,Python data structures and algorithms,Python programming language,educational how-to,Python data structures and algorithms,collections; heaps; graphs; complexity; performance,collections; heaps; graphs; complexity; performance,what is Python data structures and algorithms; how to learn Python data structures and algorithms; Python data structures and algorithms examples,,Add verified exercise outputs or runnable companion repositories where editorially appropriate,Keep examples current; add primary documentation citations during future editorial review
after,https://python.robertdevore.com/course/basic-error-handling/,basic Python error handling,Python programming language,educational how-to,basic Python error handling,try; except; validation; recovery; user messages,try; except; validation; recovery; user messages,what is basic Python error handling; how to learn basic Python error handling; basic Python error handling examples,,Add verified exercise outputs or runnable companion repositories where editorially appropriate,Keep examples current; add primary documentation citations during future editorial review
after,https://python.robertdevore.com/course/building-and-consuming-apis/,building and consuming Python APIs,Python programming language,educational how-to,building and consuming Python APIs,Flask; FastAPI; validation; authentication; HTTP clients,Flask; FastAPI; validation; authentication; HTTP clients,what is building and consuming Python APIs; how to learn building and consuming Python APIs; building and consuming Python APIs examples,,Add verified exercise outputs or runnable companion repositories where editorially appropriate,Keep examples current; add primary documentation citations during future editorial review
after,https://python.robertdevore.com/course/chapter-1-beginner-python/,beginner Python fundamentals,Python programming language,educational how-to,beginner Python fundamentals,setup; syntax; control flow; functions; errors,setup; syntax; control flow; functions; errors,what is beginner Python fundamentals; how to learn beginner Python fundamentals; beginner Python fundamentals examples,,Add verified exercise outputs or runnable companion repositories where editorially appropriate,Keep examples current; add primary documentation citations during future editorial review
after,https://python.robertdevore.com/course/chapter-2-intermediate-python/,intermediate Python development,Python programming language,educational how-to,intermediate Python development,OOP; files; environments; exceptions; testing,OOP; files; environments; exceptions; testing,what is intermediate Python development; how to learn intermediate Python development; intermediate Python development examples,,Add verified exercise outputs or runnable companion repositories where editorially appropriate,Keep examples current; add primary documentation citations during future editorial review
after,https://python.robertdevore.com/course/chapter-3-advanced-python/,advanced Python development,Python programming language,educational how-to,advanced Python development,algorithms; decorators; concurrency; APIs; packaging,algorithms; decorators; concurrency; APIs; packaging,what is advanced Python development; how to learn advanced Python development; advanced Python development examples,,Add verified exercise outputs or runnable companion repositories where editorially appropriate,Keep examples current; add primary documentation citations during future editorial review
after,https://python.robertdevore.com/course/concurrency-and-parallelism/,Python concurrency and parallelism,Python programming language,educational how-to,Python concurrency and parallelism,threading; multiprocessing; asyncio; synchronization,threading; multiprocessing; asyncio; synchronization,what is Python concurrency and parallelism; how to learn Python concurrency and parallelism; Python concurrency and parallelism examples,,Add verified exercise outputs or runnable companion repositories where editorially appropriate,Keep examples current; add primary documentation citations during future editorial review
after,https://python.robertdevore.com/course/course-conclusion-from-python-novice-to-professional-developer/,Python course conclusion,Python programming language,educational how-to,Python course conclusion,skills review; portfolio projects; next steps,skills review; portfolio projects; next steps,what is Python course conclusion; how to learn Python course conclusion; Python course conclusion examples,,Add verified exercise outputs or runnable companion repositories where editorially appropriate,Keep examples current; add primary documentation citations during future editorial review
after,https://python.robertdevore.com/course/exceptions-and-robust-error-handling/,Python exceptions,Python programming language,educational how-to,Python exceptions,custom exceptions; cleanup; logging; resilient failures,custom exceptions; cleanup; logging; resilient failures,what is Python exceptions; how to learn Python exceptions; Python exceptions examples,,Add verified exercise outputs or runnable companion repositories where editorially appropriate,Keep examples current; add primary documentation citations during future editorial review
after,https://python.robertdevore.com/course/file-io-and-data-persistence/,Python file I/O,Python programming language,educational how-to,Python file I/O,text files; paths; CSV; JSON; persistence; exceptions,text files; paths; CSV; JSON; persistence; exceptions,what is Python file I/O; how to learn Python file I/O; Python file I/O examples,,Add verified exercise outputs or runnable companion repositories where editorially appropriate,Keep examples current; add primary documentation citations during future editorial review
after,https://python.robertdevore.com/course/functions-and-modules/,Python functions and modules,Python programming language,educational how-to,Python functions and modules,parameters; return values; scope; imports; standard library,parameters; return values; scope; imports; standard library,what is Python functions and modules; how to learn Python functions and modules; Python functions and modules examples,,Add verified exercise outputs or runnable companion repositories where editorially appropriate,Keep examples current; add primary documentation citations during future editorial review
after,https://python.robertdevore.com/course/generators-decorators-and-context-managers/,Python generators decorators and context managers,Python programming language,educational how-to,Python generators decorators and context managers,iterators; yield; wraps; resource cleanup,iterators; yield; wraps; resource cleanup,what is Python generators decorators and context managers; how to learn Python generators decorators and context managers; Python generators decorators and context managers examples,,Add verified exercise outputs or runnable companion repositories where editorially appropriate,Keep examples current; add primary documentation citations during future editorial review
after,https://python.robertdevore.com/course/,Python course curriculum,Python Course,course navigation,Python course curriculum,lesson listings; pagination; learning path,lesson listings; pagination; learning path,Python course lessons; Python curriculum,,Pagination is useful navigation but not a primary citation target,Keep pagination internally linked and canonical
after,https://python.robertdevore.com/course/introduction-to-testing/,Python testing,Python programming language,educational how-to,Python testing,pytest; unit tests; fixtures; mocking; test workflow,pytest; unit tests; fixtures; mocking; test workflow,what is Python testing; how to learn Python testing; Python testing examples,,Add verified exercise outputs or runnable companion repositories where editorially appropriate,Keep examples current; add primary documentation citations during future editorial review
after,https://python.robertdevore.com/course/object-oriented-programming/,Python object-oriented programming,Python programming language,educational how-to,Python object-oriented programming,classes; inheritance; composition; polymorphism; properties,classes; inheritance; composition; polymorphism; properties,what is Python object-oriented programming; how to learn Python object-oriented programming; Python object-oriented programming examples,,Add verified exercise outputs or runnable companion repositories where editorially appropriate,Keep examples current; add primary documentation citations during future editorial review
after,https://python.robertdevore.com/course/packaging-distribution-and-best-practices/,Python packaging and PyPI,Python programming language,educational how-to,Python packaging and PyPI,pyproject.toml; build; twine; CI; linting; typing,pyproject.toml; build; twine; CI; linting; typing,what is Python packaging and PyPI; how to learn Python packaging and PyPI; Python packaging and PyPI examples,,Add verified exercise outputs or runnable companion repositories where editorially appropriate,Keep examples current; add primary documentation citations during future editorial review
after,https://python.robertdevore.com/course/page/2/,Python course curriculum,Python Course,course navigation,Python course curriculum,lesson listings; pagination; learning path,lesson listings; pagination; learning path,Python course lessons; Python curriculum,,Pagination is useful navigation but not a primary citation target,Keep pagination internally linked and canonical
after,https://python.robertdevore.com/course/page/3/,Python course curriculum,Python Course,course navigation,Python course curriculum,lesson listings; pagination; learning path,lesson listings; pagination; learning path,Python course lessons; Python curriculum,,Pagination is useful navigation but not a primary citation target,Keep pagination internally linked and canonical
after,https://python.robertdevore.com/course/page/4/,Python course curriculum,Python Course,course navigation,Python course curriculum,lesson listings; pagination; learning path,lesson listings; pagination; learning path,Python course lessons; Python curriculum,,Pagination is useful navigation but not a primary citation target,Keep pagination internally linked and canonical
after,https://python.robertdevore.com/course/python-setup-and-ides/,Python installation and IDE setup,Python programming language,educational how-to,Python installation and IDE setup,Windows; macOS; Linux; VS Code; PyCharm; troubleshooting,Windows; macOS; Linux; VS Code; PyCharm; troubleshooting,what is Python installation and IDE setup; how to learn Python installation and IDE setup; Python installation and IDE setup examples,,Add verified exercise outputs or runnable companion repositories where editorially appropriate,Keep examples current; add primary documentation citations during future editorial review
after,https://python.robertdevore.com/course/python-syntax-and-data-types/,Python syntax and data types,Python programming language,educational how-to,Python syntax and data types,variables; strings; numbers; booleans; conversion,variables; strings; numbers; booleans; conversion,what is Python syntax and data types; how to learn Python syntax and data types; Python syntax and data types examples,,Add verified exercise outputs or runnable companion repositories where editorially appropriate,Keep examples current; add primary documentation citations during future editorial review
after,https://python.robertdevore.com/course/syntax-and-data-types/,Python control flow,Python programming language,educational how-to,Python control flow,if statements; for loops; while loops; input validation,if statements; for loops; while loops; input validation,what is Python control flow; how to learn Python control flow; Python control flow examples,,Add verified exercise outputs or runnable companion repositories where editorially appropriate,Keep examples current; add primary documentation citations during future editorial review
after,https://python.robertdevore.com/course/virtual-environments-and-package-management/,Python virtual environments,Python programming language,educational how-to,Python virtual environments,venv; pip; requirements; dependency conflicts,venv; pip; requirements; dependency conflicts,what is Python virtual environments; how to learn Python virtual environments; Python virtual environments examples,,Add verified exercise outputs or runnable companion repositories where editorially appropriate,Keep examples current; add primary documentation citations during future editorial review
after,https://python.robertdevore.com/course/welcome-to-the-complete-python-development-course/,complete Python course,Python programming language,educational how-to,complete Python course,course orientation; learning path; prerequisites,course orientation; learning path; prerequisites,what is complete Python course; how to learn complete Python course; complete Python course examples,,Add verified exercise outputs or runnable companion repositories where editorially appropriate,Keep examples current; add primary documentation citations during future editorial review
after,https://python.robertdevore.com/,complete Python development course,Python Course,course discovery,complete Python development course,curriculum; beginner; intermediate; advanced; free lessons,curriculum; beginner; intermediate; advanced; free lessons,is this Python course free; what does the course cover,,Measured search and AI visibility are unavailable,Measure impressions and AI citations after deployment
